"id","name","email","age","address"
1,"hunter                                                                                              ","hunter@gmail.com",32,"521, kazipara, dhaka"
2,"abdullah mamun                                                                                      ","mamun@gmail.com",36,"333 shewrapara, dhaka"
3,"aryan                                                                                               ","aryan@gmail.com",12,"92/1, Taltola, Dhaka"
4,"mahbub                                                                                              ","mahbub@gmail.com",28,NULL
5,"hasan                                                                                               ","hasan@gmail.com",18,"Senpara, Mirpur"
6,"Talha                                                                                               ","talha@gmail.com",26,"test Address"
7,"Toha                                                                                                ","toha@gmail.com",36,NULL
8,"Jabur                                                                                               ","jabur@yahoo.com",32,NULL
9,"Siam                                                                                                ","siam@yahoo.com",33,NULL
120,"hasan                                                                                               ","hasan@gmail.com",29,NULL
125,"hasan                                                                                               ","hasan@gmail.com",29,NULL
130,"hasan                                                                                               ","hasan@gmail.com",29,NULL
